title,date,author
A Practical Guide to Web Data QA Part V: Broad Crawls,"September 30, 2020 ",Ivan Ivanov
Announcing The Web Data Extraction Summit 2020,"September 24, 2020 ",Himanshi Bhatt
News & Article Data Extraction: Open Source vs Closed Source Solutions,"September 10, 2020 ",Attila Tóth
A PRACTICAL GUIDE TO WEB DATA QA PART IV: COMPLEMENTING SEMI-AUTOMATED TECHNIQUES,"September 03, 2020 ",Ivan Ivanov and Warley Ferreira Lopes
Real Estate: Use Web Data Extraction to Make Smarter Decisions,"August 27, 2020 ",Attila Tóth
Scrapy Cloud Secrets: Hub Crawl Frontier and How To Use It,"August 06, 2020 ",Júlio César Batista
Blog Comments API (BETA): Extract Blog Comment DATA At Scale,"July 30, 2020 ",John Campbell
Your Price Intelligence Questions Answered,"July 28, 2020 ",Himanshi Bhatt
Data Center Proxies vs. Residential Proxies,"July 21, 2020 ",Attila Tóth
How to Get High Success Rates With Proxies: 3 Steps to Scale Up,"July 14, 2020 ",Attila Tóth
Job Postings API: Stable release,"July 09, 2020 ",John Campbell
Web Scraping Basics: A Developer’s Guide To Reliably Extract Data,"July 07, 2020 ",Chira Mircea
Extracting Article & News Data: The Importance of Data Quality,"June 23, 2020 ",Attila Tóth
Price Gouging or Economics at Work: Price Intelligence to Track Consumer Sentiment,"June 11, 2020 ",Robert Cosgrave
A Practical Guide to Web Data QA Part III: Holistic Data Validation Techniques,"June 09, 2020 ",Ivan Ivanov and Warley Ferreira Lopes
Product Reviews API (Beta): Extract Product Reviews at Scale,"May 19, 2020 ",Attila Tóth
Custom crawling & News API: designing a web scraping solution,"April 28, 2020 ",Júlio César Batista
Vehicle API (Beta): Extract Automotive Data at Scale,"April 16, 2020 ",Attila Tóth
A Practical Guide to Web Data Extraction QA Part II: Common validation pitfalls,"April 09, 2020 ",Ivan Ivanov
Transitioning to Remote Working as a Company,"March 25, 2020 ",Shane Evans
A Practical Guide to Web Data QA Part I: Validation Techniques,"March 24, 2020 ",Ivan Ivanov
COVID-19: Handling the Situation as a Fully Remote Company,"March 13, 2020 ",Suzanne Hassett
Extracting clean article HTML with News API,"March 12, 2020 ",Iván de Prado Alonso
Job Postings Beta API: Extract Job Postings at Scale,"March 05, 2020 ",Attila Tóth
Building spiders made easy: GUI For Your Scrapy Shell,"March 03, 2020 ",Roy Healy
How To Scrape The Web Without Getting Blocked,"February 27, 2020 ",Attila Tóth
News Web Data Extraction to Predict Irish Election Results,"February 24, 2020 ",Cristi Constantin and Rakesh Mehta
Introducing Crawlera free trials & new plans,"February 18, 2020 ",Pablo Hoffman
Best Recruitment Tips: How to Scout Top Talent,"February 12, 2020 ",Eric Burke
Looking Back at 2019,"January 30, 2020 ",Attila Tóth
How to use a proxy in Puppeteer,"January 23, 2020 ",Attila Tóth
How to leverage alternative data in asset management,"January 09, 2020 ",Marie Moynihan
Building Blocks of an Unstoppable Web Scraping Infrastructure,"December 19, 2019 ",Attila Tóth
Backconnect Proxy: Explanation & Comparison To Other Proxies,"December 10, 2019 ",Attila Tóth
4 Sectors That Benefited Most from Business Intelligence Software,"December 04, 2019 ",Louie Andre
Price Scraping: The Best Free Tool To Scrape Prices,"November 26, 2019 ",Attila Tóth
How to use Crawlera with Scrapy,"November 14, 2019 ",Attila Tóth
"Scrapy, Matplotlib and MySQL: Real Estate Data Analysis","November 07, 2019 ",Attila Tóth
Web Scraping Questions & Answers Part II,"October 17, 2019 ",Attila Tóth
Scrapy & AutoExtract API integration,"October 15, 2019 ",Attila Tóth
Web Scraping Questions & Answers Part I,"October 10, 2019 ",Attila Tóth
"Price intelligence with Python: Scrapy, SQL and Pandas","October 08, 2019 ",Attila Tóth
The Web Data Extraction Summit 2019,"September 26, 2019 ",Attila Tóth
News Data Extraction at Scale with AI powered AutoExtract,"September 17, 2019 ",Attila Tóth
Gain a Competitive Edge with Product Data,"September 12, 2019 ",Marie Moynihan
Four Use Cases for Online Public Sentiment Data,"September 05, 2019 ",Marie Moynihan
The First-Ever Web Data Extraction Summit!,"August 29, 2019 ",Marie Moynihan
Learn how to configure and utilize proxies with Python Requests module,"August 22, 2019 ",Attila Tóth
How to set up a custom proxy in Scrapy?,"August 08, 2019 ",Attila Tóth
GDPR Update: Scraping Public Personal Data,"July 25, 2019 ",Sanaea Daruwalla
Solution Architecture Part 5: Designing A Well-Optimised Web Scraping Solution,"July 04, 2019 ",Ian Kerins
Solution Architecture Part 4: Accessing The Technical Feasibility of Your Web Scraping Project,"June 13, 2019 ",Ian Kerins
Visual Web Scraping Tools: What to Do When They Are No Longer Fit For Purpose?,"May 30, 2019 ",Ian Kerins
Solution Architecture Part 3: Conducting a Web Scraping Legal Review,"May 23, 2019 ",Sanaea Daruwalla
ScrapyRT: Turn Websites Into Real-Time APIs,"May 14, 2019 ",Pawel Miech
Web Data Analysis: Exposing NFL Player Salaries With Python,"May 09, 2019 ",Attila Tóth
From The Creators Of Scrapy: Artificial Intelligence Data Extraction API,"April 11, 2019 ",Ian Kerins
Scrapinghub’s New AI Powered Developer Data Extraction API for E-Commerce & Article Extraction,"April 09, 2019 ",Ian Kerins
Solution Architecture Part 2: How to Define The Scope of Your Web Scraping Project,"April 05, 2019 ",Ian Kerins
How to Architect a Web Scraping Solution: The Step-by-Step Guide,"March 28, 2019 ",Ian Kerins
Navigating Compliance When Extracting Web Scraped Alternative Financial Data,"March 21, 2019 ",Sanaea Daruwalla
St Patrick’s Day Special: Finding Dublin’s Best Pint of Guinness With Web Scraping,"March 15, 2019 ",Ian Kerins
Spidermon: Scrapinghub’s Secret Sauce To Our Data Quality & Reliability Guarantee,"March 05, 2019 ",Ian Kerins
Meet Spidermon: Scrapinghub’s Battle Tested Spider Monitoring Library [Now Open Sourced],"March 01, 2019 ",Renne Rocha
Proxy Management: Should I Build My Proxy Infrastructure In-House Or Use AN Off-The-Shelf Proxy Solution?,"February 21, 2019 ",Ian Kerins
A Sneak Peek Inside Crawlera: The World’s Smartest Web Scraping Proxy Network,"February 15, 2019 ",Ian Kerins
Why We Created Crawlera? The World’s Smartest Web Scraping Proxy Network,"February 07, 2019 ",Ian Kerins
The Rise of Web Data in Hedge Fund Decision Making & The Importance of Data Quality,"February 01, 2019 ",Ian Kerins
The Predictive Power of Web Scraped Product Data For Institutional Investors: A GoPro Case Study,"January 24, 2019 ",John Larson
The Challenges E-Commerce Retailers Face Managing Their Web Scraping Proxies,"January 08, 2019 ",Ian Kerins
Looking Back at 2018,"December 21, 2018 ",Ian Kerins
Do What is Right Not What is Easy!,"December 13, 2018 ",Sanaea Daruwalla
Shubber GetTogether 2018,"November 22, 2018 ",Ian Kerins
Data Quality Assurance for Enterprise Web Scraping,"September 27, 2018 ",Ian Kerins
What I Learned as a Google Summer of Code student at Scrapinghub,"September 12, 2018 ",Lam Chau Tung Nguyen
GDPR Compliance For Web Scrapers: The Step-By-Step Guide,"July 25, 2018 ",Ian Kerins
Data for Price Intelligence: Lessons Learned Scraping 100 Billion Products Pages,"July 02, 2018 ",Ian Kerins
A Sneak Peek Inside What Hedge Funds Think of Alternative Financial Data,"June 19, 2018 ",Ian Kerins
Want to Predict Fitbit’s Quarterly Revenue? Eagle Alpha Did It Using Web Scraped Product Data,"June 07, 2018 ",Ian Kerins
How Data Compliance Companies Are Turning To Web Crawlers To Take Advantage of the GDPR Business Opportunity,"May 30, 2018 ",Ian Kerins
Looking Back at 2017,"December 31, 2017 ",Scott Garcia
"A Faster, Updated Scrapinghub","November 05, 2017 ",Scott Garcia
Scraping the Steam Game Store with Scrapy,"July 07, 2017 ",Andre Perunicic
Do Androids Dream of Electric Sheep?,"June 19, 2017 ",Mikhail Korobov
Deploy your Scrapy Spiders from GitHub,"April 19, 2017 ",Valdir Stumm Jr
Looking Back at 2016,"January 01, 2017 ",Cecilia Haynes
How to Increase Sales with Online Reputation Management,"December 15, 2016 ",Cecilia Haynes
How to Build your own Price Monitoring Tool,"November 24, 2016 ",Valdir Stumm Jr
How You Can Use Web Data to Accelerate Your Startup,"November 10, 2016 ",Cecilia Haynes
An Introduction to XPath: How to Get Started,"October 27, 2016 ",Valdir Stumm Jr
Why Promoting Open Data Increases Economic Opportunities,"October 19, 2016 ",Cecilia Haynes
Interview: How Up Hail uses Scrapy to Increase Transparency,"October 06, 2016 ",Cecilia Haynes
How to Run Python Scripts in Scrapy Cloud,"September 28, 2016 ",Elias Dorneles
Embracing the Future of Work: How To Communicate Remotely,"September 22, 2016 ",Cecilia Haynes
How to Deploy Custom Docker Images for Your Web Crawlers,"September 08, 2016 ",Valdir Stumm Jr
Improved Frontera: Web Crawling at Scale with Python 3 Support,"September 01, 2016 ",Alexander Sibiryakov
How to Crawl the Web Politely with Scrapy,"August 25, 2016 ",Valdir Stumm Jr
Introducing Scrapy Cloud with Python 3 Support,"August 17, 2016 ",Valdir Stumm Jr
What the Suicide Squad Tells Us About Web Data,"August 11, 2016 ",Cecilia Haynes
This Month in Open Source at Scrapinghub August 2016,"August 04, 2016 ",Paul Tremberth
Meet Parsel: the Selector Library behind Scrapy,"July 28, 2016 ",Elias Dorneles
Incremental Crawls with Scrapy and DeltaFetch,"July 20, 2016 ",Valdir Stumm Jr
Improving Access to Peruvian Congress Bills with Scrapy,"July 13, 2016 ",Carlos Peña
Scrapely: The Brains Behind Portia Spiders,"July 07, 2016 ",Ruairi Fahy
Introducing Portia2Code: Portia Projects into Scrapy Spiders,"June 29, 2016 ",Ruairi Fahy
Scraping Infinite Scrolling Pages,"June 22, 2016 ",Valdir Stumm Jr
This Month in Open Source at Scrapinghub June 2016,"June 15, 2016 ",Paul Tremberth
Introducing the Datasets Catalog,"June 09, 2016 ",Cecilia Haynes
Introducing the Crawlera Dashboard,"June 01, 2016 ",Cecilia Haynes
Data Extraction with Scrapy and Python 3,"May 25, 2016 ",Paul Tremberth
How to Debug your Scrapy Spiders,"May 18, 2016 ",Valdir Stumm Jr
Scrapy + MonkeyLearn: Textual Analysis of Web Data,"May 11, 2016 ",Valdir Stumm Jr
Introducing Scrapy Cloud 2.0,"May 04, 2016 ",Valdir Stumm Jr
A (not so) Short Story on Getting Decent Internet Access,"April 27, 2016 ",Agustin
Scraping Websites Based on ViewStates with Scrapy,"April 20, 2016 ",Valdir Stumm Jr
Machine Learning with Web Scraping: New MonkeyLearn Addon,"April 14, 2016 ",Cecilia Haynes
Mapping Corruption in the Panama Papers with Open Data,"April 06, 2016 ",Cecilia Haynes
Web Scraping to Create Open Data,"March 30, 2016 ",Lluís Esquerda
Scrapy Tips from the Pros: March 2016 Edition,"March 23, 2016 ",Valdir Stumm Jr
This Month in Open Source at Scrapinghub March 2016,"March 16, 2016 ",Paul Tremberth
Join Scrapinghub for Google Summer of Code 2016,"March 14, 2016 ",Cecilia Haynes
How Web Scraping is Revealing Lobbying and Corruption in Peru,"March 09, 2016 ",Carlos Peña
Splash 2.0 Is Here with Qt 5 and Python 3,"February 29, 2016 ",Richard Dowinton
Migrate your Kimono Projects to Portia,"February 26, 2016 ",Valdir Stumm Jr
Scrapy Tips from the Pros: February 2016 Edition,"February 24, 2016 ",Valdir Stumm Jr
Portia: The Open Source Alternative to Kimono Labs,"February 17, 2016 ",Valdir Stumm Jr
Web Scraping Finds Stores Guilty of Price Inflation,"February 10, 2016 ",Cecilia Haynes
Python 3 is Coming to Scrapy,"February 04, 2016 ",Richard Dowinton
Happy Anniversary: Scrapinghub Turns 5,"January 27, 2016 ",Cecilia Haynes
Scrapy Tips from the Pros: Part 1,"January 19, 2016 ",Valdir Stumm Jr
Vizlegal: Rise of Machine-Readable Laws and Court Judgments,"January 13, 2016 ",vizlegal
Christmas Eve vs New Year's Eve: Last Minute Price Inflation?,"January 06, 2016 ",Cecilia Haynes
Looking Back at 2015,"December 31, 2015 ",Cecilia Haynes
Winter Sales Showdown: Black Friday vs Cyber Monday vs Green Monday,"December 21, 2015 ",Cecilia Haynes
Chats With RINAR Solutions,"December 16, 2015 ",Cecilia Haynes
"Black Friday, Cyber Monday: Are They Worth It?","December 03, 2015 ",Cecilia Haynes
Tips for Creating a Cohesive Company Culture Remotely,"November 16, 2015 ",Cecilia Haynes
Parse Natural Language Dates with Dateparser,"November 09, 2015 ",Richard Dowinton
Aduana: Link Analysis to Crawl the Web at Scale,"September 29, 2015 ",Pedro López-Adeva
Scrapy on the Road to Python 3 Support,"August 19, 2015 ",Giovanni Piazza
Introducing Javascript support for Portia,"August 19, 2015 ",Ruairi Fahy
Distributed Frontera: Web Crawling at Scale,"August 06, 2015 ",Alexander Sibiryakov
The Road to Loading JavaScript in Portia,"August 03, 2015 ",Ruairi Fahy
EuroPython 2015,"July 21, 2015 ",Richard Dowinton
StartupChats Remote Working Q&A,"July 17, 2015 ",Richard Dowinton
PyCon Philippines 2015,"July 15, 2015 ",Richard Dowinton
Google Summer of Code 2015,"June 25, 2015 ",Pablo Hoffman
Link Analysis Algorithms Explained,"June 19, 2015 ",Richard Dowinton
"EuroPython, here we go!","June 12, 2015 ",Giovanni Piazza
Aduana: Link Analysis with Frontera,"June 08, 2015 ",Richard Dowinton
Using git to manage vacations in a large distributed team,"June 08, 2015 ",Pablo Hoffman
Gender Inequality Across Programming Languages,"May 27, 2015 ",Richard Dowinton
Traveling Tips for Remote Workers,"May 12, 2015 ",Giovanni Piazza
A Career in Remote Working,"April 28, 2015 ",Richard Dowinton
Frontera: The Brain Behind the Crawls,"April 22, 2015 ",Richard Dowinton
Scrape Data Visually with Portia and Scrapy Cloud,"April 07, 2015 ",Richard Dowinton
Scrapinghub: A Remote Working Success Story,"March 17, 2015 ",Joanne O'Flynn
Why we moved to Slack,"March 16, 2015 ",Pablo Hoffman
The History of Scrapinghub,"March 16, 2015 ",Joanne O'Flynn
Skinfer: A Tool for Inferring JSON Schemas,"March 05, 2015 ",Elias Dorneles
Handling JavaScript in Scrapy with Splash,"March 02, 2015 ",Richard Dowinton
Scrapinghub Crawls the Deep Web,"February 24, 2015 ",Shane Evans
New Changes to Our Scrapy Cloud Platform,"January 23, 2015 ",Richard Dowinton
Introducing ScrapyRT: An API for Scrapy spiders,"January 22, 2015 ",Richard Dowinton
Looking Back at 2014,"December 31, 2014 ",Breno Colom
XPath Tips from the Web Scraping Trenches,"July 17, 2014 ",Elias Dorneles
Introducing Data Reviews,"June 27, 2014 ",Breno Colom
Extracting schema.org Microdata Using Scrapy Selectors and XPath,"June 18, 2014 ",Paul Tremberth
"Announcing Portia, the Open Source Visual Web Scraper!","April 01, 2014 ",Shane Evans
Optimizing Memory Usage of Scikit-Learn Models Using Succinct Tries,"March 26, 2014 ",Mikhail Korobov
Open Source at Scrapinghub,"January 18, 2014 ",Pablo Hoffman
Looking Back at 2013,"December 31, 2013 ",Shane Evans
Marcos Campal Is a ScrapingHubber!,"October 01, 2013 ",Pablo Hoffman
Introducing Dash,"July 27, 2013 ",Shane Evans
Why MongoDB Is a Bad Choice for Storing Our Scraped Data,"May 13, 2013 ",Shane Evans
"Introducing Crawlera, a Smart Page Downloader","May 11, 2013 ",Pablo Hoffman
Git Workflow for Scrapy Projects,"March 06, 2013 ",Pablo Hoffman
How to Fill Login Forms Automatically,"October 26, 2012 ",Pablo Hoffman
Spiders activity graphs,"August 25, 2012 ",Pablo Hoffman
Finding Similar Items,"July 23, 2012 ",Shane Evans
Scrapy 0.15 dropping support for Python 2.5,"February 27, 2012 ",Pablo Hoffman
Autoscraping casts a wider net,"February 27, 2012 ",Shane Evans
Scrapy 0.14 released,"November 18, 2011 ",Pablo Hoffman
Dirbot - a new example Scrapy project,"April 28, 2011 ",Pablo Hoffman
Introducing w3lib and scrapely,"April 20, 2011 ",Pablo Hoffman
Scrapy 0.12 released,"January 03, 2011 ",Pablo Hoffman
Spoofing your Scrapy bot IP using tsocks,"November 12, 2010 ",Pablo Hoffman
"Hello, world","June 26, 2010 ",Shane Evans
